match_id,type,title,scenario,user_story,why_1,why_2,why_3,impact,urgency,step_1,step_2,step_3,source,plain_text
0e402bd1f133,conflict,Конфликт: Голосовые подсказки ↔ Скорость ответа голоса,Две фичи претендуют на один экран («Ответ голоса») и могут потянуть метрики в разные стороны. Без правил выкатов UX становится непредсказуемым.,"Как водитель/пассажир, я не хочу, чтобы изменения в интерфейсе мешали друг другу и ухудшали опыт.",Общий технический узел: API голосовых подсказок.,Обе функции меняют один и тот же экран: Ответ голоса.,Метрики тянут в разные стороны (успешное завершение поездок ↔ скорость/задержка).,Высокий риск ухудшения пользовательского опыта или метрик. Нужны правила и последовательность выката.,HIGH,"Зафиксировать ADR: варианты, гардрейлы, порядок выката.",Назначить 20‑мин медиэйшн.,Включить мониторинг ключевых метрик на период выката.,"A-1065, A-1068","Конфликт: Голосовые подсказки ↔ Скорость ответа голоса
Сценарий: Две фичи претендуют на один экран («Ответ голоса») и могут потянуть метрики в разные стороны. Без правил выкатов UX становится непредсказуемым.
История пользователя: Как водитель/пассажир, я не хочу, чтобы изменения в интерфейсе мешали друг другу и ухудшали опыт.
Почему:
• Общий технический узел: API голосовых подсказок.
• Обе функции меняют один и тот же экран: Ответ голоса.
• Метрики тянут в разные стороны (успешное завершение поездок ↔ скорость/задержка).
Эффект: Высокий риск ухудшения пользовательского опыта или метрик. Нужны правила и последовательность выката.
Что делаем:
• Зафиксировать ADR: варианты, гардрейлы, порядок выката.
• Назначить 20‑мин медиэйшн.
• Включить мониторинг ключевых метрик на период выката.
Источники: A-1065, A-1068.
"
f6b8132c9a8f,conflict,Конфликт: Прогноз трафика ↔ Прогноз трафика,Две фичи претендуют на один экран («Навигация в поездке») и могут потянуть метрики в разные стороны. Без правил выкатов UX становится непредсказуемым.,"Как пользователь, я не хочу, чтобы изменения в интерфейсе мешали друг другу и ухудшали опыт.",Общий технический узел: API расчёта ETA.,Обе функции меняют один и тот же экран: Навигация в поездке.,Работа с одним и тем же объектом: модель ETA.,Локальный риск пересечения работ — нужно согласовать приоритеты.,LOW,"Зафиксировать ADR: варианты, гардрейлы, порядок выката.",Назначить 20‑мин медиэйшн.,Включить мониторинг ключевых метрик на период выката.,"M-1040, M-1052","Конфликт: Прогноз трафика ↔ Прогноз трафика
Сценарий: Две фичи претендуют на один экран («Навигация в поездке») и могут потянуть метрики в разные стороны. Без правил выкатов UX становится непредсказуемым.
История пользователя: Как пользователь, я не хочу, чтобы изменения в интерфейсе мешали друг другу и ухудшали опыт.
Почему:
• Общий технический узел: API расчёта ETA.
• Обе функции меняют один и тот же экран: Навигация в поездке.
• Работа с одним и тем же объектом: модель ETA.
Эффект: Локальный риск пересечения работ — нужно согласовать приоритеты.
Что делаем:
• Зафиксировать ADR: варианты, гардрейлы, порядок выката.
• Назначить 20‑мин медиэйшн.
• Включить мониторинг ключевых метрик на период выката.
Источники: M-1040, M-1052.
"
efc13d5c5cea,conflict,Конфликт: Промо и лояльность ↔ Промо и лояльность,Две фичи претендуют на один экран («Оформление заказа») и могут потянуть метрики в разные стороны. Без правил выкатов UX становится непредсказуемым.,"Как пассажир, я не хочу, чтобы изменения в интерфейсе мешали друг другу и ухудшали опыт.",Общий технический узел: API промо/лояльности.,Обе функции меняют один и тот же экран: Оформление заказа.,Работа с одним и тем же объектом: схема доплат.,Локальный риск пересечения работ — нужно согласовать приоритеты.,LOW,"Зафиксировать ADR: варианты, гардрейлы, порядок выката.",Назначить 20‑мин медиэйшн.,Включить мониторинг ключевых метрик на период выката.,"P-1028, P-1037","Конфликт: Промо и лояльность ↔ Промо и лояльность
Сценарий: Две фичи претендуют на один экран («Оформление заказа») и могут потянуть метрики в разные стороны. Без правил выкатов UX становится непредсказуемым.
История пользователя: Как пассажир, я не хочу, чтобы изменения в интерфейсе мешали друг другу и ухудшали опыт.
Почему:
• Общий технический узел: API промо/лояльности.
• Обе функции меняют один и тот же экран: Оформление заказа.
• Работа с одним и тем же объектом: схема доплат.
Эффект: Локальный риск пересечения работ — нужно согласовать приоритеты.
Что делаем:
• Зафиксировать ADR: варианты, гардрейлы, порядок выката.
• Назначить 20‑мин медиэйшн.
• Включить мониторинг ключевых метрик на период выката.
Источники: P-1028, P-1037.
"
00916e4f919b,conflict,Конфликт: Скорость ответа голоса ↔ Автомобильный режим,Две фичи претендуют на один экран («Ответ голоса») и могут потянуть метрики в разные стороны. Без правил выкатов UX становится непредсказуемым.,"Как водитель/пассажир, я не хочу, чтобы изменения в интерфейсе мешали друг другу и ухудшали опыт.",Обе функции меняют один и тот же экран: Ответ голоса.,Работа с одним и тем же объектом: сессия.,Метрики тянут в разные стороны (скорость/задержка ↔ удовлетворённость (NPS/CSAT)).,Высокий риск ухудшения пользовательского опыта или метрик. Нужны правила и последовательность выката.,HIGH,"Зафиксировать ADR: варианты, гардрейлы, порядок выката.",Назначить 20‑мин медиэйшн.,Включить мониторинг ключевых метрик на период выката.,"A-1058, A-1069","Конфликт: Скорость ответа голоса ↔ Автомобильный режим
Сценарий: Две фичи претендуют на один экран («Ответ голоса») и могут потянуть метрики в разные стороны. Без правил выкатов UX становится непредсказуемым.
История пользователя: Как водитель/пассажир, я не хочу, чтобы изменения в интерфейсе мешали друг другу и ухудшали опыт.
Почему:
• Обе функции меняют один и тот же экран: Ответ голоса.
• Работа с одним и тем же объектом: сессия.
• Метрики тянут в разные стороны (скорость/задержка ↔ удовлетворённость (NPS/CSAT)).
Эффект: Высокий риск ухудшения пользовательского опыта или метрик. Нужны правила и последовательность выката.
Что делаем:
• Зафиксировать ADR: варианты, гардрейлы, порядок выката.
• Назначить 20‑мин медиэйшн.
• Включить мониторинг ключевых метрик на период выката.
Источники: A-1058, A-1069.
"
22f1e55bbec5,conflict,Конфликт: Точки входа/подъезды ↔ Качество мест (POI),Две фичи претендуют на один экран («Экран карты») и могут потянуть метрики в разные стороны. Без правил выкатов UX становится непредсказуемым.,"Как пользователь, я не хочу, чтобы изменения в интерфейсе мешали друг другу и ухудшали опыт.",Общий технический узел: API точек входа/подъездов.,Обе функции меняют один и тот же экран: Экран карты.,Работа с одним и тем же объектом: место (POI).,Локальный риск пересечения работ — нужно согласовать приоритеты.,LOW,"Зафиксировать ADR: варианты, гардрейлы, порядок выката.",Назначить 20‑мин медиэйшн.,Включить мониторинг ключевых метрик на период выката.,"M-1049, M-1055","Конфликт: Точки входа/подъезды ↔ Качество мест (POI)
Сценарий: Две фичи претендуют на один экран («Экран карты») и могут потянуть метрики в разные стороны. Без правил выкатов UX становится непредсказуемым.
История пользователя: Как пользователь, я не хочу, чтобы изменения в интерфейсе мешали друг другу и ухудшали опыт.
Почему:
• Общий технический узел: API точек входа/подъездов.
• Обе функции меняют один и тот же экран: Экран карты.
• Работа с одним и тем же объектом: место (POI).
Эффект: Локальный риск пересечения работ — нужно согласовать приоритеты.
Что делаем:
• Зафиксировать ADR: варианты, гардрейлы, порядок выката.
• Назначить 20‑мин медиэйшн.
• Включить мониторинг ключевых метрик на период выката.
Источники: M-1049, M-1055.
"
5ee1bcc01135,conflict,Конфликт: Точки входа/подъезды ↔ Точки входа/подъезды,Две фичи претендуют на один экран («Зона подачи») и могут потянуть метрики в разные стороны. Без правил выкатов UX становится непредсказуемым.,"Как пользователь, я не хочу, чтобы изменения в интерфейсе мешали друг другу и ухудшали опыт.",Общий технический узел: API точек входа/подъездов.,Обе функции меняют один и тот же экран: Зона подачи.,Работа с одним и тем же объектом: место (POI).,Локальный риск пересечения работ — нужно согласовать приоритеты.,LOW,"Зафиксировать ADR: варианты, гардрейлы, порядок выката.",Назначить 20‑мин медиэйшн.,Включить мониторинг ключевых метрик на период выката.,"M-1043, M-1045","Конфликт: Точки входа/подъезды ↔ Точки входа/подъезды
Сценарий: Две фичи претендуют на один экран («Зона подачи») и могут потянуть метрики в разные стороны. Без правил выкатов UX становится непредсказуемым.
История пользователя: Как пользователь, я не хочу, чтобы изменения в интерфейсе мешали друг другу и ухудшали опыт.
Почему:
• Общий технический узел: API точек входа/подъездов.
• Обе функции меняют один и тот же экран: Зона подачи.
• Работа с одним и тем же объектом: место (POI).
Эффект: Локальный риск пересечения работ — нужно согласовать приоритеты.
Что делаем:
• Зафиксировать ADR: варианты, гардрейлы, порядок выката.
• Назначить 20‑мин медиэйшн.
• Включить мониторинг ключевых метрик на период выката.
Источники: M-1043, M-1045.
"
b51922b12593,conflict,Конфликт: Голосовые оповещения о рисках ↔ Голосовые оповещения о рисках,Две фичи претендуют на один экран («Ответ голоса») и могут потянуть метрики в разные стороны. Без правил выкатов UX становится непредсказуемым.,"Как водитель/пассажир, я не хочу, чтобы изменения в интерфейсе мешали друг другу и ухудшали опыт.",Общий технический узел: Фид голосовых предупреждений.,Обе функции меняют один и тот же экран: Ответ голоса.,Работа с одним и тем же объектом: событие безопасности.,Локальный риск пересечения работ — нужно согласовать приоритеты.,LOW,"Зафиксировать ADR: варианты, гардрейлы, порядок выката.",Назначить 20‑мин медиэйшн.,Включить мониторинг ключевых метрик на период выката.,"A-1059, A-1060","Конфликт: Голосовые оповещения о рисках ↔ Голосовые оповещения о рисках
Сценарий: Две фичи претендуют на один экран («Ответ голоса») и могут потянуть метрики в разные стороны. Без правил выкатов UX становится непредсказуемым.
История пользователя: Как водитель/пассажир, я не хочу, чтобы изменения в интерфейсе мешали друг другу и ухудшали опыт.
Почему:
• Общий технический узел: Фид голосовых предупреждений.
• Обе функции меняют один и тот же экран: Ответ голоса.
• Работа с одним и тем же объектом: событие безопасности.
Эффект: Локальный риск пересечения работ — нужно согласовать приоритеты.
Что делаем:
• Зафиксировать ADR: варианты, гардрейлы, порядок выката.
• Назначить 20‑мин медиэйшн.
• Включить мониторинг ключевых метрик на период выката.
Источники: A-1059, A-1060.
"
7cbb300cbcf9,conflict,Конфликт: Справедливая раздача заказов ↔ Справедливая раздача заказов,Две фичи претендуют на один экран («Лента заказов») и могут потянуть метрики в разные стороны. Без правил выкатов UX становится непредсказуемым.,"Как водитель, я не хочу, чтобы изменения в интерфейсе мешали друг другу и ухудшали опыт.",Общий технический узел: Контракт справедливой раздачи v2.,Обе функции меняют один и тот же экран: Лента заказов.,Работа с одним и тем же объектом: правило раздачи.,Локальный риск пересечения работ — нужно согласовать приоритеты.,LOW,"Зафиксировать ADR: варианты, гардрейлы, порядок выката.",Назначить 20‑мин медиэйшн.,Включить мониторинг ключевых метрик на период выката.,"D-1008, D-1015","Конфликт: Справедливая раздача заказов ↔ Справедливая раздача заказов
Сценарий: Две фичи претендуют на один экран («Лента заказов») и могут потянуть метрики в разные стороны. Без правил выкатов UX становится непредсказуемым.
История пользователя: Как водитель, я не хочу, чтобы изменения в интерфейсе мешали друг другу и ухудшали опыт.
Почему:
• Общий технический узел: Контракт справедливой раздачи v2.
• Обе функции меняют один и тот же экран: Лента заказов.
• Работа с одним и тем же объектом: правило раздачи.
Эффект: Локальный риск пересечения работ — нужно согласовать приоритеты.
Что делаем:
• Зафиксировать ADR: варианты, гардрейлы, порядок выката.
• Назначить 20‑мин медиэйшн.
• Включить мониторинг ключевых метрик на период выката.
Источники: D-1008, D-1015.
"
3378b5ba0ffe,conflict,Конфликт: Промо и лояльность ↔ Промо и лояльность,Две фичи претендуют на один экран («Оформление заказа») и могут потянуть метрики в разные стороны. Без правил выкатов UX становится непредсказуемым.,"Как пассажир, я не хочу, чтобы изменения в интерфейсе мешали друг другу и ухудшали опыт.",Общий технический узел: API промо/лояльности.,Обе функции меняют один и тот же экран: Оформление заказа.,Работа с одним и тем же объектом: схема доплат.,Локальный риск пересечения работ — нужно согласовать приоритеты.,LOW,"Зафиксировать ADR: варианты, гардрейлы, порядок выката.",Назначить 20‑мин медиэйшн.,Включить мониторинг ключевых метрик на период выката.,"P-1034, P-1037","Конфликт: Промо и лояльность ↔ Промо и лояльность
Сценарий: Две фичи претендуют на один экран («Оформление заказа») и могут потянуть метрики в разные стороны. Без правил выкатов UX становится непредсказуемым.
История пользователя: Как пассажир, я не хочу, чтобы изменения в интерфейсе мешали друг другу и ухудшали опыт.
Почему:
• Общий технический узел: API промо/лояльности.
• Обе функции меняют один и тот же экран: Оформление заказа.
• Работа с одним и тем же объектом: схема доплат.
Эффект: Локальный риск пересечения работ — нужно согласовать приоритеты.
Что делаем:
• Зафиксировать ADR: варианты, гардрейлы, порядок выката.
• Назначить 20‑мин медиэйшн.
• Включить мониторинг ключевых метрик на период выката.
Источники: P-1034, P-1037.
"
2fb6bfac50cd,conflict,Конфликт: Промо и лояльность ↔ Промо и лояльность,Две фичи претендуют на один экран («Оформление заказа») и могут потянуть метрики в разные стороны. Без правил выкатов UX становится непредсказуемым.,"Как пассажир, я не хочу, чтобы изменения в интерфейсе мешали друг другу и ухудшали опыт.",Общий технический узел: API промо/лояльности.,Обе функции меняют один и тот же экран: Оформление заказа.,Работа с одним и тем же объектом: схема доплат.,Локальный риск пересечения работ — нужно согласовать приоритеты.,LOW,"Зафиксировать ADR: варианты, гардрейлы, порядок выката.",Назначить 20‑мин медиэйшн.,Включить мониторинг ключевых метрик на период выката.,"P-1028, P-1034","Конфликт: Промо и лояльность ↔ Промо и лояльность
Сценарий: Две фичи претендуют на один экран («Оформление заказа») и могут потянуть метрики в разные стороны. Без правил выкатов UX становится непредсказуемым.
История пользователя: Как пассажир, я не хочу, чтобы изменения в интерфейсе мешали друг другу и ухудшали опыт.
Почему:
• Общий технический узел: API промо/лояльности.
• Обе функции меняют один и тот же экран: Оформление заказа.
• Работа с одним и тем же объектом: схема доплат.
Эффект: Локальный риск пересечения работ — нужно согласовать приоритеты.
Что делаем:
• Зафиксировать ADR: варианты, гардрейлы, порядок выката.
• Назначить 20‑мин медиэйшн.
• Включить мониторинг ключевых метрик на период выката.
Источники: P-1028, P-1034.
"
da0df62721b0,conflict,Конфликт: Голосовые оповещения о рисках ↔ Голосовые подсказки,Две фичи претендуют на один экран («Ответ голоса») и могут потянуть метрики в разные стороны. Без правил выкатов UX становится непредсказуемым.,"Как водитель/пассажир, я не хочу, чтобы изменения в интерфейсе мешали друг другу и ухудшали опыт.",Обе функции меняют один и тот же экран: Ответ голоса.,Метрики тянут в разные стороны (безопасность ↔ успешное завершение поездок).,Борьба за один слот интерфейса — нужен приоритет.,Высокий риск ухудшения пользовательского опыта или метрик. Нужны правила и последовательность выката.,HIGH,"Зафиксировать ADR: варианты, гардрейлы, порядок выката.",Назначить 20‑мин медиэйшн.,Включить мониторинг ключевых метрик на период выката.,"A-1063, A-1065","Конфликт: Голосовые оповещения о рисках ↔ Голосовые подсказки
Сценарий: Две фичи претендуют на один экран («Ответ голоса») и могут потянуть метрики в разные стороны. Без правил выкатов UX становится непредсказуемым.
История пользователя: Как водитель/пассажир, я не хочу, чтобы изменения в интерфейсе мешали друг другу и ухудшали опыт.
Почему:
• Обе функции меняют один и тот же экран: Ответ голоса.
• Метрики тянут в разные стороны (безопасность ↔ успешное завершение поездок).
• Борьба за один слот интерфейса — нужен приоритет.
Эффект: Высокий риск ухудшения пользовательского опыта или метрик. Нужны правила и последовательность выката.
Что делаем:
• Зафиксировать ADR: варианты, гардрейлы, порядок выката.
• Назначить 20‑мин медиэйшн.
• Включить мониторинг ключевых метрик на период выката.
Источники: A-1063, A-1065.
"
0236ad37247d,conflict,Конфликт: Эксперименты и флаги ↔ Эксперименты и флаги,Две фичи претендуют на один экран («Настройки») и могут потянуть метрики в разные стороны. Без правил выкатов UX становится непредсказуемым.,"Как водитель, я не хочу, чтобы изменения в интерфейсе мешали друг другу и ухудшали опыт.",Общий технический узел: SDK флагов.,Обе функции меняют один и тот же экран: Настройки.,Работа с одним и тем же объектом: эксперимент.,Локальный риск пересечения работ — нужно согласовать приоритеты.,LOW,"Зафиксировать ADR: варианты, гардрейлы, порядок выката.",Назначить 20‑мин медиэйшн.,Включить мониторинг ключевых метрик на период выката.,"D-1013, D-1014","Конфликт: Эксперименты и флаги ↔ Эксперименты и флаги
Сценарий: Две фичи претендуют на один экран («Настройки») и могут потянуть метрики в разные стороны. Без правил выкатов UX становится непредсказуемым.
История пользователя: Как водитель, я не хочу, чтобы изменения в интерфейсе мешали друг другу и ухудшали опыт.
Почему:
• Общий технический узел: SDK флагов.
• Обе функции меняют один и тот же экран: Настройки.
• Работа с одним и тем же объектом: эксперимент.
Эффект: Локальный риск пересечения работ — нужно согласовать приоритеты.
Что делаем:
• Зафиксировать ADR: варианты, гардрейлы, порядок выката.
• Назначить 20‑мин медиэйшн.
• Включить мониторинг ключевых метрик на период выката.
Источники: D-1013, D-1014.
"
087f99123927,duplicate,Дубликат: Скорость ответа голоса × Скорость ответа голоса,"Две команды параллельно меняют одно и то же: Ответ голоса и Ответ голоса. Пользователь не видит разницы, а команда тратит ресурсы дважды.","Как водитель/пассажир, я хочу простой и быстрый путь без дублей функциональности, чтобы не путаться и быстрее достигать цели.",Общий технический узел: API голосовых подсказок.,Обе функции меняют один и тот же экран: Ответ голоса.,Работа с одним и тем же объектом: сессия.,Можно объединить усилия и сократить сроки разработки (ориентир: 2–4 недели команды).,MEDIUM,Назначить 20‑мин синк владельцев.,Свести бэклоги и выбрать единый подход.,"Зафиксировать Owner и срок, закрыть дубль.","A-1058, A-1068","Дубликат: Скорость ответа голоса × Скорость ответа голоса
Сценарий: Две команды параллельно меняют одно и то же: Ответ голоса и Ответ голоса. Пользователь не видит разницы, а команда тратит ресурсы дважды.
История пользователя: Как водитель/пассажир, я хочу простой и быстрый путь без дублей функциональности, чтобы не путаться и быстрее достигать цели.
Почему:
• Общий технический узел: API голосовых подсказок.
• Обе функции меняют один и тот же экран: Ответ голоса.
• Работа с одним и тем же объектом: сессия.
Эффект: Можно объединить усилия и сократить сроки разработки (ориентир: 2–4 недели команды).
Что делаем:
• Назначить 20‑мин синк владельцев.
• Свести бэклоги и выбрать единый подход.
• Зафиксировать Owner и срок, закрыть дубль.
Источники: A-1058, A-1068.
"
4ee7fa37401c,duplicate,Дубликат: Голосовые оповещения о рисках × Голосовые оповещения о рисках,"Две команды параллельно меняют одно и то же: Ответ голоса и Ответ голоса. Пользователь не видит разницы, а команда тратит ресурсы дважды.","Как водитель/пассажир, я хочу простой и быстрый путь без дублей функциональности, чтобы не путаться и быстрее достигать цели.",Общий технический узел: Фид голосовых предупреждений.,Обе функции меняют один и тот же экран: Ответ голоса.,Работа с одним и тем же объектом: событие безопасности.,Можно объединить усилия и сократить сроки разработки (ориентир: 2–4 недели команды).,MEDIUM,Назначить 20‑мин синк владельцев.,Свести бэклоги и выбрать единый подход.,"Зафиксировать Owner и срок, закрыть дубль.","A-1059, A-1067","Дубликат: Голосовые оповещения о рисках × Голосовые оповещения о рисках
Сценарий: Две команды параллельно меняют одно и то же: Ответ голоса и Ответ голоса. Пользователь не видит разницы, а команда тратит ресурсы дважды.
История пользователя: Как водитель/пассажир, я хочу простой и быстрый путь без дублей функциональности, чтобы не путаться и быстрее достигать цели.
Почему:
• Общий технический узел: Фид голосовых предупреждений.
• Обе функции меняют один и тот же экран: Ответ голоса.
• Работа с одним и тем же объектом: событие безопасности.
Эффект: Можно объединить усилия и сократить сроки разработки (ориентир: 2–4 недели команды).
Что делаем:
• Назначить 20‑мин синк владельцев.
• Свести бэклоги и выбрать единый подход.
• Зафиксировать Owner и срок, закрыть дубль.
Источники: A-1059, A-1067.
"
6e8f978664bc,duplicate,Дубликат: Эксперименты и флаги × Эксперименты и флаги,"Две команды параллельно меняют одно и то же: Настройки и Настройки. Пользователь не видит разницы, а команда тратит ресурсы дважды.","Как водитель, я хочу простой и быстрый путь без дублей функциональности, чтобы не путаться и быстрее достигать цели.",Общий технический узел: SDK флагов.,Обе функции меняют один и тот же экран: Настройки.,Работа с одним и тем же объектом: эксперимент.,Можно объединить усилия и сократить сроки разработки (ориентир: 2–4 недели команды).,MEDIUM,Назначить 20‑мин синк владельцев.,Свести бэклоги и выбрать единый подход.,"Зафиксировать Owner и срок, закрыть дубль.","D-1002, D-1013","Дубликат: Эксперименты и флаги × Эксперименты и флаги
Сценарий: Две команды параллельно меняют одно и то же: Настройки и Настройки. Пользователь не видит разницы, а команда тратит ресурсы дважды.
История пользователя: Как водитель, я хочу простой и быстрый путь без дублей функциональности, чтобы не путаться и быстрее достигать цели.
Почему:
• Общий технический узел: SDK флагов.
• Обе функции меняют один и тот же экран: Настройки.
• Работа с одним и тем же объектом: эксперимент.
Эффект: Можно объединить усилия и сократить сроки разработки (ориентир: 2–4 недели команды).
Что делаем:
• Назначить 20‑мин синк владельцев.
• Свести бэклоги и выбрать единый подход.
• Зафиксировать Owner и срок, закрыть дубль.
Источники: D-1002, D-1013.
"
05d8cd51acdb,duplicate,Дубликат: Эксперименты и флаги × Эксперименты и флаги,"Две команды параллельно меняют одно и то же: Настройки и Настройки. Пользователь не видит разницы, а команда тратит ресурсы дважды.","Как водитель, я хочу простой и быстрый путь без дублей функциональности, чтобы не путаться и быстрее достигать цели.",Общий технический узел: SDK флагов.,Обе функции меняют один и тот же экран: Настройки.,Работа с одним и тем же объектом: эксперимент.,Можно объединить усилия и сократить сроки разработки (ориентир: 2–4 недели команды).,MEDIUM,Назначить 20‑мин синк владельцев.,Свести бэклоги и выбрать единый подход.,"Зафиксировать Owner и срок, закрыть дубль.","D-1002, D-1014","Дубликат: Эксперименты и флаги × Эксперименты и флаги
Сценарий: Две команды параллельно меняют одно и то же: Настройки и Настройки. Пользователь не видит разницы, а команда тратит ресурсы дважды.
История пользователя: Как водитель, я хочу простой и быстрый путь без дублей функциональности, чтобы не путаться и быстрее достигать цели.
Почему:
• Общий технический узел: SDK флагов.
• Обе функции меняют один и тот же экран: Настройки.
• Работа с одним и тем же объектом: эксперимент.
Эффект: Можно объединить усилия и сократить сроки разработки (ориентир: 2–4 недели команды).
Что делаем:
• Назначить 20‑мин синк владельцев.
• Свести бэклоги и выбрать единый подход.
• Зафиксировать Owner и срок, закрыть дубль.
Источники: D-1002, D-1014.
"
2d4e0ded6b5b,duplicate,Дубликат: Эксперименты и флаги × Эксперименты и флаги,"Две команды параллельно меняют одно и то же: Настройки и Настройки. Пользователь не видит разницы, а команда тратит ресурсы дважды.","Как водитель, я хочу простой и быстрый путь без дублей функциональности, чтобы не путаться и быстрее достигать цели.",Общий технический узел: SDK флагов.,Обе функции меняют один и тот же экран: Настройки.,Работа с одним и тем же объектом: эксперимент.,Можно объединить усилия и сократить сроки разработки (ориентир: 2–4 недели команды).,MEDIUM,Назначить 20‑мин синк владельцев.,Свести бэклоги и выбрать единый подход.,"Зафиксировать Owner и срок, закрыть дубль.","D-1013, D-1014","Дубликат: Эксперименты и флаги × Эксперименты и флаги
Сценарий: Две команды параллельно меняют одно и то же: Настройки и Настройки. Пользователь не видит разницы, а команда тратит ресурсы дважды.
История пользователя: Как водитель, я хочу простой и быстрый путь без дублей функциональности, чтобы не путаться и быстрее достигать цели.
Почему:
• Общий технический узел: SDK флагов.
• Обе функции меняют один и тот же экран: Настройки.
• Работа с одним и тем же объектом: эксперимент.
Эффект: Можно объединить усилия и сократить сроки разработки (ориентир: 2–4 недели команды).
Что делаем:
• Назначить 20‑мин синк владельцев.
• Свести бэклоги и выбрать единый подход.
• Зафиксировать Owner и срок, закрыть дубль.
Источники: D-1013, D-1014.
"
371f4a947f5e,duplicate,Дубликат: Промо и лояльность × Промо и лояльность,"Две команды параллельно меняют одно и то же: Оформление заказа и Оформление заказа. Пользователь не видит разницы, а команда тратит ресурсы дважды.","Как пассажир, я хочу простой и быстрый путь без дублей функциональности, чтобы не путаться и быстрее достигать цели.",Общий технический узел: API промо/лояльности.,Обе функции меняют один и тот же экран: Оформление заказа.,Работа с одним и тем же объектом: схема доплат.,Можно объединить усилия и сократить сроки разработки (ориентир: 2–4 недели команды).,MEDIUM,Назначить 20‑мин синк владельцев.,Свести бэклоги и выбрать единый подход.,"Зафиксировать Owner и срок, закрыть дубль.","P-1028, P-1034","Дубликат: Промо и лояльность × Промо и лояльность
Сценарий: Две команды параллельно меняют одно и то же: Оформление заказа и Оформление заказа. Пользователь не видит разницы, а команда тратит ресурсы дважды.
История пользователя: Как пассажир, я хочу простой и быстрый путь без дублей функциональности, чтобы не путаться и быстрее достигать цели.
Почему:
• Общий технический узел: API промо/лояльности.
• Обе функции меняют один и тот же экран: Оформление заказа.
• Работа с одним и тем же объектом: схема доплат.
Эффект: Можно объединить усилия и сократить сроки разработки (ориентир: 2–4 недели команды).
Что делаем:
• Назначить 20‑мин синк владельцев.
• Свести бэклоги и выбрать единый подход.
• Зафиксировать Owner и срок, закрыть дубль.
Источники: P-1028, P-1034.
"
ce294a889ad4,duplicate,Дубликат: Точки входа/подъезды × Точки входа/подъезды,"Две команды параллельно меняют одно и то же: Зона подачи и Экран карты. Пользователь не видит разницы, а команда тратит ресурсы дважды.","Как пользователь, я хочу простой и быстрый путь без дублей функциональности, чтобы не путаться и быстрее достигать цели.",Общий технический узел: API точек входа/подъездов.,Работа с одним и тем же объектом: место (POI).,Команды решают одну и ту же задачу.,Можно объединить усилия и сократить сроки разработки (ориентир: 2–4 недели команды).,MEDIUM,Назначить 20‑мин синк владельцев.,Свести бэклоги и выбрать единый подход.,"Зафиксировать Owner и срок, закрыть дубль.","M-1043, M-1049","Дубликат: Точки входа/подъезды × Точки входа/подъезды
Сценарий: Две команды параллельно меняют одно и то же: Зона подачи и Экран карты. Пользователь не видит разницы, а команда тратит ресурсы дважды.
История пользователя: Как пользователь, я хочу простой и быстрый путь без дублей функциональности, чтобы не путаться и быстрее достигать цели.
Почему:
• Общий технический узел: API точек входа/подъездов.
• Работа с одним и тем же объектом: место (POI).
• Команды решают одну и ту же задачу.
Эффект: Можно объединить усилия и сократить сроки разработки (ориентир: 2–4 недели команды).
Что делаем:
• Назначить 20‑мин синк владельцев.
• Свести бэклоги и выбрать единый подход.
• Зафиксировать Owner и срок, закрыть дубль.
Источники: M-1043, M-1049.
"
dd7581619cf3,duplicate,Дубликат: Голосовые оповещения о рисках × Голосовые оповещения о рисках,"Две команды параллельно меняют одно и то же: Ответ голоса и Ответ голоса. Пользователь не видит разницы, а команда тратит ресурсы дважды.","Как водитель/пассажир, я хочу простой и быстрый путь без дублей функциональности, чтобы не путаться и быстрее достигать цели.",Общий технический узел: Фид голосовых предупреждений.,Обе функции меняют один и тот же экран: Ответ голоса.,Команды решают одну и ту же задачу.,Можно объединить усилия и сократить сроки разработки (ориентир: 2–4 недели команды).,MEDIUM,Назначить 20‑мин синк владельцев.,Свести бэклоги и выбрать единый подход.,"Зафиксировать Owner и срок, закрыть дубль.","A-1063, A-1067","Дубликат: Голосовые оповещения о рисках × Голосовые оповещения о рисках
Сценарий: Две команды параллельно меняют одно и то же: Ответ голоса и Ответ голоса. Пользователь не видит разницы, а команда тратит ресурсы дважды.
История пользователя: Как водитель/пассажир, я хочу простой и быстрый путь без дублей функциональности, чтобы не путаться и быстрее достигать цели.
Почему:
• Общий технический узел: Фид голосовых предупреждений.
• Обе функции меняют один и тот же экран: Ответ голоса.
• Команды решают одну и ту же задачу.
Эффект: Можно объединить усилия и сократить сроки разработки (ориентир: 2–4 недели команды).
Что делаем:
• Назначить 20‑мин синк владельцев.
• Свести бэклоги и выбрать единый подход.
• Зафиксировать Owner и срок, закрыть дубль.
Источники: A-1063, A-1067.
"
b74d4c83d9ad,duplicate,Дубликат: Голосовые оповещения о рисках × Голосовые оповещения о рисках,"Две команды параллельно меняют одно и то же: Ответ голоса и Ответ голоса. Пользователь не видит разницы, а команда тратит ресурсы дважды.","Как водитель/пассажир, я хочу простой и быстрый путь без дублей функциональности, чтобы не путаться и быстрее достигать цели.",Общий технический узел: Фид голосовых предупреждений.,Обе функции меняют один и тот же экран: Ответ голоса.,Команды решают одну и ту же задачу.,Можно объединить усилия и сократить сроки разработки (ориентир: 2–4 недели команды).,MEDIUM,Назначить 20‑мин синк владельцев.,Свести бэклоги и выбрать единый подход.,"Зафиксировать Owner и срок, закрыть дубль.","A-1059, A-1063","Дубликат: Голосовые оповещения о рисках × Голосовые оповещения о рисках
Сценарий: Две команды параллельно меняют одно и то же: Ответ голоса и Ответ голоса. Пользователь не видит разницы, а команда тратит ресурсы дважды.
История пользователя: Как водитель/пассажир, я хочу простой и быстрый путь без дублей функциональности, чтобы не путаться и быстрее достигать цели.
Почему:
• Общий технический узел: Фид голосовых предупреждений.
• Обе функции меняют один и тот же экран: Ответ голоса.
• Команды решают одну и ту же задачу.
Эффект: Можно объединить усилия и сократить сроки разработки (ориентир: 2–4 недели команды).
Что делаем:
• Назначить 20‑мин синк владельцев.
• Свести бэклоги и выбрать единый подход.
• Зафиксировать Owner и срок, закрыть дубль.
Источники: A-1059, A-1063.
"
3387bc9b88a8,duplicate,Дубликат: Помощь в пути × Помощь в пути,"Две команды параллельно меняют одно и то же: Экран поездки и Экран поездки. Пользователь не видит разницы, а команда тратит ресурсы дважды.","Как пассажир, я хочу простой и быстрый путь без дублей функциональности, чтобы не путаться и быстрее достигать цели.",Общий технический узел: API расчёта ETA.,Обе функции меняют один и тот же экран: Экран поездки.,Команды решают одну и ту же задачу.,Можно объединить усилия и сократить сроки разработки (ориентир: 2–4 недели команды).,MEDIUM,Назначить 20‑мин синк владельцев.,Свести бэклоги и выбрать единый подход.,"Зафиксировать Owner и срок, закрыть дубль.","P-1024, P-1026","Дубликат: Помощь в пути × Помощь в пути
Сценарий: Две команды параллельно меняют одно и то же: Экран поездки и Экран поездки. Пользователь не видит разницы, а команда тратит ресурсы дважды.
История пользователя: Как пассажир, я хочу простой и быстрый путь без дублей функциональности, чтобы не путаться и быстрее достигать цели.
Почему:
• Общий технический узел: API расчёта ETA.
• Обе функции меняют один и тот же экран: Экран поездки.
• Команды решают одну и ту же задачу.
Эффект: Можно объединить усилия и сократить сроки разработки (ориентир: 2–4 недели команды).
Что делаем:
• Назначить 20‑мин синк владельцев.
• Свести бэклоги и выбрать единый подход.
• Зафиксировать Owner и срок, закрыть дубль.
Источники: P-1024, P-1026.
"
0daaf12c81bd,synergy,Синергия: Эксперименты и флаги + Эксперименты и флаги,Связываем изменения на «Настройки» и «Настройки»: одна функция открывает возможность другой. Вместе сценарий проходит быстрее и стабильнее.,"Как водитель, я хочу чтобы эксперименты и флаги и эксперименты и флаги работали согласованно, чтобы быстрее и проще завершать сценарий.",Общий технический узел: SDK флагов.,Обе функции меняют один и тот же экран: Настройки.,Работа с одним и тем же объектом: эксперимент.,Ожидается улучшение метрики (успешное завершение поездок) при совместной работе (+1–3%).,MEDIUM,Назначить 20‑мин синк владельцев.,Согласовать общий план роллаута и метрики.,Подготовить совместный эксперимент и измерения.,"D-1002, D-1017","Синергия: Эксперименты и флаги + Эксперименты и флаги
Сценарий: Связываем изменения на «Настройки» и «Настройки»: одна функция открывает возможность другой. Вместе сценарий проходит быстрее и стабильнее.
История пользователя: Как водитель, я хочу чтобы эксперименты и флаги и эксперименты и флаги работали согласованно, чтобы быстрее и проще завершать сценарий.
Почему:
• Общий технический узел: SDK флагов.
• Обе функции меняют один и тот же экран: Настройки.
• Работа с одним и тем же объектом: эксперимент.
Эффект: Ожидается улучшение метрики (успешное завершение поездок) при совместной работе (+1–3%).
Что делаем:
• Назначить 20‑мин синк владельцев.
• Согласовать общий план роллаута и метрики.
• Подготовить совместный эксперимент и измерения.
Источники: D-1002, D-1017.
"
69f56f810338,synergy,Синергия: Промо и лояльность + Промо и лояльность,Связываем изменения на «Оформление заказа» и «Оформление заказа»: одна функция открывает возможность другой. Вместе сценарий проходит быстрее и стабильнее.,"Как пассажир, я хочу чтобы промо и лояльность и промо и лояльность работали согласованно, чтобы быстрее и проще завершать сценарий.",Общий технический узел: API промо/лояльности.,Обе функции меняют один и тот же экран: Оформление заказа.,Работа с одним и тем же объектом: схема доплат.,Ожидается улучшение метрики (конверсия) при совместной работе (+1–3%).,MEDIUM,Назначить 20‑мин синк владельцев.,Согласовать общий план роллаута и метрики.,Подготовить совместный эксперимент и измерения.,"P-1028, P-1037","Синергия: Промо и лояльность + Промо и лояльность
Сценарий: Связываем изменения на «Оформление заказа» и «Оформление заказа»: одна функция открывает возможность другой. Вместе сценарий проходит быстрее и стабильнее.
История пользователя: Как пассажир, я хочу чтобы промо и лояльность и промо и лояльность работали согласованно, чтобы быстрее и проще завершать сценарий.
Почему:
• Общий технический узел: API промо/лояльности.
• Обе функции меняют один и тот же экран: Оформление заказа.
• Работа с одним и тем же объектом: схема доплат.
Эффект: Ожидается улучшение метрики (конверсия) при совместной работе (+1–3%).
Что делаем:
• Назначить 20‑мин синк владельцев.
• Согласовать общий план роллаута и метрики.
• Подготовить совместный эксперимент и измерения.
Источники: P-1028, P-1037.
"
01ab189ac19e,synergy,Синергия: Прогноз трафика + Прогноз трафика,Связываем изменения на «Экран карты» и «Экран карты»: одна функция открывает возможность другой. Вместе сценарий проходит быстрее и стабильнее.,"Как пользователь, я хочу чтобы прогноз трафика и прогноз трафика работали согласованно, чтобы быстрее и проще завершать сценарий.",Общий технический узел: API расчёта ETA.,Обе функции меняют один и тот же экран: Экран карты.,Работа с одним и тем же объектом: модель ETA.,Ожидается улучшение метрики (качество) при совместной работе (+1–3%).,MEDIUM,Назначить 20‑мин синк владельцев.,Согласовать общий план роллаута и метрики.,Подготовить совместный эксперимент и измерения.,"M-1044, M-1048","Синергия: Прогноз трафика + Прогноз трафика
Сценарий: Связываем изменения на «Экран карты» и «Экран карты»: одна функция открывает возможность другой. Вместе сценарий проходит быстрее и стабильнее.
История пользователя: Как пользователь, я хочу чтобы прогноз трафика и прогноз трафика работали согласованно, чтобы быстрее и проще завершать сценарий.
Почему:
• Общий технический узел: API расчёта ETA.
• Обе функции меняют один и тот же экран: Экран карты.
• Работа с одним и тем же объектом: модель ETA.
Эффект: Ожидается улучшение метрики (качество) при совместной работе (+1–3%).
Что делаем:
• Назначить 20‑мин синк владельцев.
• Согласовать общий план роллаута и метрики.
• Подготовить совместный эксперимент и измерения.
Источники: M-1044, M-1048.
"
ca7cfb56ee33,synergy,Синергия: Точки входа/подъезды + Точки входа/подъезды,Связываем изменения на «Зона подачи» и «Зона подачи»: одна функция открывает возможность другой. Вместе сценарий проходит быстрее и стабильнее.,"Как пользователь, я хочу чтобы точки входа/подъезды и точки входа/подъезды работали согласованно, чтобы быстрее и проще завершать сценарий.",Общий технический узел: API точек входа/подъездов.,Обе функции меняют один и тот же экран: Зона подачи.,Работа с одним и тем же объектом: место (POI).,Ожидается улучшение метрики (время подачи) при совместной работе (−5–7%).,MEDIUM,Назначить 20‑мин синк владельцев.,Согласовать общий план роллаута и метрики.,Подготовить совместный эксперимент и измерения.,"M-1043, M-1045","Синергия: Точки входа/подъезды + Точки входа/подъезды
Сценарий: Связываем изменения на «Зона подачи» и «Зона подачи»: одна функция открывает возможность другой. Вместе сценарий проходит быстрее и стабильнее.
История пользователя: Как пользователь, я хочу чтобы точки входа/подъезды и точки входа/подъезды работали согласованно, чтобы быстрее и проще завершать сценарий.
Почему:
• Общий технический узел: API точек входа/подъездов.
• Обе функции меняют один и тот же экран: Зона подачи.
• Работа с одним и тем же объектом: место (POI).
Эффект: Ожидается улучшение метрики (время подачи) при совместной работе (−5–7%).
Что делаем:
• Назначить 20‑мин синк владельцев.
• Согласовать общий план роллаута и метрики.
• Подготовить совместный эксперимент и измерения.
Источники: M-1043, M-1045.
"
2075b6d99321,synergy,Синергия: Эксперименты и флаги + Эксперименты и флаги,Связываем изменения на «Настройки» и «Настройки»: одна функция открывает возможность другой. Вместе сценарий проходит быстрее и стабильнее.,"Как водитель, я хочу чтобы эксперименты и флаги и эксперименты и флаги работали согласованно, чтобы быстрее и проще завершать сценарий.",Общий технический узел: SDK флагов.,Обе функции меняют один и тот же экран: Настройки.,Работа с одним и тем же объектом: эксперимент.,Ожидается улучшение метрики (успешное завершение поездок) при совместной работе (+1–3%).,MEDIUM,Назначить 20‑мин синк владельцев.,Согласовать общий план роллаута и метрики.,Подготовить совместный эксперимент и измерения.,"D-1002, D-1016","Синергия: Эксперименты и флаги + Эксперименты и флаги
Сценарий: Связываем изменения на «Настройки» и «Настройки»: одна функция открывает возможность другой. Вместе сценарий проходит быстрее и стабильнее.
История пользователя: Как водитель, я хочу чтобы эксперименты и флаги и эксперименты и флаги работали согласованно, чтобы быстрее и проще завершать сценарий.
Почему:
• Общий технический узел: SDK флагов.
• Обе функции меняют один и тот же экран: Настройки.
• Работа с одним и тем же объектом: эксперимент.
Эффект: Ожидается улучшение метрики (успешное завершение поездок) при совместной работе (+1–3%).
Что делаем:
• Назначить 20‑мин синк владельцев.
• Согласовать общий план роллаута и метрики.
• Подготовить совместный эксперимент и измерения.
Источники: D-1002, D-1016.
"
ba9c72cd83cb,synergy,Синергия: Прогноз трафика + Прогноз трафика,Связываем изменения на «Навигация в поездке» и «Навигация в поездке»: одна функция открывает возможность другой. Вместе сценарий проходит быстрее и стабильнее.,"Как пользователь, я хочу чтобы прогноз трафика и прогноз трафика работали согласованно, чтобы быстрее и проще завершать сценарий.",Общий технический узел: API расчёта ETA.,Обе функции меняют один и тот же экран: Навигация в поездке.,Работа с одним и тем же объектом: модель ETA.,Ожидается улучшение метрики (качество) при совместной работе (+1–3%).,MEDIUM,Назначить 20‑мин синк владельцев.,Согласовать общий план роллаута и метрики.,Подготовить совместный эксперимент и измерения.,"M-1040, M-1052","Синергия: Прогноз трафика + Прогноз трафика
Сценарий: Связываем изменения на «Навигация в поездке» и «Навигация в поездке»: одна функция открывает возможность другой. Вместе сценарий проходит быстрее и стабильнее.
История пользователя: Как пользователь, я хочу чтобы прогноз трафика и прогноз трафика работали согласованно, чтобы быстрее и проще завершать сценарий.
Почему:
• Общий технический узел: API расчёта ETA.
• Обе функции меняют один и тот же экран: Навигация в поездке.
• Работа с одним и тем же объектом: модель ETA.
Эффект: Ожидается улучшение метрики (качество) при совместной работе (+1–3%).
Что делаем:
• Назначить 20‑мин синк владельцев.
• Согласовать общий план роллаута и метрики.
• Подготовить совместный эксперимент и измерения.
Источники: M-1040, M-1052.
"
59e52b4d38c6,synergy,Синергия: Качество мест (POI) + Качество мест (POI),Связываем изменения на «Строка поиска» и «Строка поиска»: одна функция открывает возможность другой. Вместе сценарий проходит быстрее и стабильнее.,"Как пользователь, я хочу чтобы качество мест (poi) и качество мест (poi) работали согласованно, чтобы быстрее и проще завершать сценарий.",Общий технический узел: API точек входа/подъездов.,Обе функции меняют один и тот же экран: Строка поиска.,Команды решают одну и ту же задачу.,Ожидается улучшение метрики (качество) при совместной работе (+1–3%).,MEDIUM,Назначить 20‑мин синк владельцев.,Согласовать общий план роллаута и метрики.,Подготовить совместный эксперимент и измерения.,"M-1042, M-1047","Синергия: Качество мест (POI) + Качество мест (POI)
Сценарий: Связываем изменения на «Строка поиска» и «Строка поиска»: одна функция открывает возможность другой. Вместе сценарий проходит быстрее и стабильнее.
История пользователя: Как пользователь, я хочу чтобы качество мест (poi) и качество мест (poi) работали согласованно, чтобы быстрее и проще завершать сценарий.
Почему:
• Общий технический узел: API точек входа/подъездов.
• Обе функции меняют один и тот же экран: Строка поиска.
• Команды решают одну и ту же задачу.
Эффект: Ожидается улучшение метрики (качество) при совместной работе (+1–3%).
Что делаем:
• Назначить 20‑мин синк владельцев.
• Согласовать общий план роллаута и метрики.
• Подготовить совместный эксперимент и измерения.
Источники: M-1042, M-1047.
"
c3054d5aac89,synergy,Синергия: Поиск адреса/места + Поиск адреса/места,Связываем изменения на «Экран карты» и «Экран карты»: одна функция открывает возможность другой. Вместе сценарий проходит быстрее и стабильнее.,"Как пассажир, я хочу чтобы поиск адреса/места и поиск адреса/места работали согласованно, чтобы быстрее и проще завершать сценарий.",Общий технический узел: Фид качества POI.,Обе функции меняют один и тот же экран: Экран карты.,Команды решают одну и ту же задачу.,Ожидается улучшение метрики (конверсия) при совместной работе (+1–3%).,MEDIUM,Назначить 20‑мин синк владельцев.,Согласовать общий план роллаута и метрики.,Подготовить совместный эксперимент и измерения.,"P-1029, P-1033","Синергия: Поиск адреса/места + Поиск адреса/места
Сценарий: Связываем изменения на «Экран карты» и «Экран карты»: одна функция открывает возможность другой. Вместе сценарий проходит быстрее и стабильнее.
История пользователя: Как пассажир, я хочу чтобы поиск адреса/места и поиск адреса/места работали согласованно, чтобы быстрее и проще завершать сценарий.
Почему:
• Общий технический узел: Фид качества POI.
• Обе функции меняют один и тот же экран: Экран карты.
• Команды решают одну и ту же задачу.
Эффект: Ожидается улучшение метрики (конверсия) при совместной работе (+1–3%).
Что делаем:
• Назначить 20‑мин синк владельцев.
• Согласовать общий план роллаута и метрики.
• Подготовить совместный эксперимент и измерения.
Источники: P-1029, P-1033.
"
a99386852cd5,synergy,Синергия: Безопасность: усталость за рулём + Голосовые оповещения о рисках,Связываем изменения на «Навигация в поездке» и «Ответ голоса»: одна функция открывает возможность другой. Вместе сценарий проходит быстрее и стабильнее.,"Как водитель, я хочу чтобы безопасность: усталость за рулём и голосовые оповещения о рисках работали согласованно, чтобы быстрее и проще завершать сценарий.",Общий технический узел: Фид голосовых предупреждений.,Работа с одним и тем же объектом: событие безопасности.,Функции дополняют друг друга и вместе закрывают сценарий.,Ожидается улучшение метрики (безопасность) при совместной работе (+1–3%).,MEDIUM,Назначить 20‑мин синк владельцев.,Согласовать общий план роллаута и метрики.,Подготовить совместный эксперимент и измерения.,"D-1006, A-1060","Синергия: Безопасность: усталость за рулём + Голосовые оповещения о рисках
Сценарий: Связываем изменения на «Навигация в поездке» и «Ответ голоса»: одна функция открывает возможность другой. Вместе сценарий проходит быстрее и стабильнее.
История пользователя: Как водитель, я хочу чтобы безопасность: усталость за рулём и голосовые оповещения о рисках работали согласованно, чтобы быстрее и проще завершать сценарий.
Почему:
• Общий технический узел: Фид голосовых предупреждений.
• Работа с одним и тем же объектом: событие безопасности.
• Функции дополняют друг друга и вместе закрывают сценарий.
Эффект: Ожидается улучшение метрики (безопасность) при совместной работе (+1–3%).
Что делаем:
• Назначить 20‑мин синк владельцев.
• Согласовать общий план роллаута и метрики.
• Подготовить совместный эксперимент и измерения.
Источники: D-1006, A-1060.
"
9aa0d51ce96c,synergy,Синергия: Безопасность: усталость за рулём + Голосовые оповещения о рисках,Связываем изменения на «Навигация в поездке» и «Ответ голоса»: одна функция открывает возможность другой. Вместе сценарий проходит быстрее и стабильнее.,"Как водитель, я хочу чтобы безопасность: усталость за рулём и голосовые оповещения о рисках работали согласованно, чтобы быстрее и проще завершать сценарий.",Общий технический узел: Фид голосовых предупреждений.,Работа с одним и тем же объектом: событие безопасности.,Функции дополняют друг друга и вместе закрывают сценарий.,Ожидается улучшение метрики (безопасность) при совместной работе (+1–3%).,MEDIUM,Назначить 20‑мин синк владельцев.,Согласовать общий план роллаута и метрики.,Подготовить совместный эксперимент и измерения.,"D-1000, A-1067","Синергия: Безопасность: усталость за рулём + Голосовые оповещения о рисках
Сценарий: Связываем изменения на «Навигация в поездке» и «Ответ голоса»: одна функция открывает возможность другой. Вместе сценарий проходит быстрее и стабильнее.
История пользователя: Как водитель, я хочу чтобы безопасность: усталость за рулём и голосовые оповещения о рисках работали согласованно, чтобы быстрее и проще завершать сценарий.
Почему:
• Общий технический узел: Фид голосовых предупреждений.
• Работа с одним и тем же объектом: событие безопасности.
• Функции дополняют друг друга и вместе закрывают сценарий.
Эффект: Ожидается улучшение метрики (безопасность) при совместной работе (+1–3%).
Что делаем:
• Назначить 20‑мин синк владельцев.
• Согласовать общий план роллаута и метрики.
• Подготовить совместный эксперимент и измерения.
Источники: D-1000, A-1067.
"
